old_id,taxonid
304,4QD8
6,627WF
7,8K9Y
8,63Z5D
9,63Z6Q
10,63Z74
11,63YV6
12,8KB8
711,8KBB
13,63YV8
14,8KBM
17,8KCF
18,5LWNW
19,8KCJ
20,8KCQ
1015,8KCY
2010,63YTX
21,63Z5X
22,8KDR
23,8KDT
1011,8KDX
24,63Z6H
712,63YVK
27,63YVP
28,63YW4
15,63Z83
16,5FBWL
29,8KF3
30,8KFL
25,8KFM
26,5LWQW
31,8KFP
32,8KFR
33,8KFT
34,8KFW
35,7L7J6
36,8KG5
37,63YW5
38,8KGC
713,63Z85
43,LV7
44,8NR9
51,946Z
50,MLD
52,94F5
53,94GR
54,94H3
55,94HF
56,94JD
57,94JH
58,94JK
59,64FL7
63,9X63
62,NYL
67,652F2
66,P7R
68,P8K
69,64QC9
70,64RWW
73,65BKZ
72,PTB
163,Q4Y
164,65FXW
524,Q53
525,65FZQ
74,629CD
75,65JHK
76,65JJG
78,QM5
79,5TQT6
80,662TT
81,65QTX
82,662TY
83,6635Z
86,BCBF
85,R65
1031,RJB
1079,BG6W
1032,BG7V
89,S78
724,BVC9
90,BVD6
93,SQX
102,5FHWF
101,5FHWK
94,C2Q2
95,C2Q9
96,5TWTV
97,5TX67
98,C2SM
99,C2SV
730,C2TP
228,6CK
103,VRN
104,66N99
107,62BGN
108,674CV
106,6FB
749,Q3
312,6LY
750,6MC
109,ZSD
110,67PQJ
111,G67B
714,G67F
112,G67L
113,G67T
114,G67V
77,6MH
1006,62CRL
1007,G6P5
117,62CT9
118,GBMK
121,62CHR
122,GX2B
120,622TP
119,ST
124,352R
125,JF6F
126,JF6K
127,3687
128,JVXR
715,37HJ
716,KFPN
1037,38XT
1040,5WFYW
1038,5WFJX
718,76G
719,39LV
720,LKBJ
131,39SV
132,LMPJ
133,62GLV
134,LP4H
135,LP4J
136,LP7F
721,LP8B
137,LP8N
140,LPBT
138,LPBV
139,LPCK
141,LPCQ
145,5FXVF
142,LPCX
143,LPDF
144,LPG4
92,777
178,77P
146,3BBF
147,MF6V
727,622G7
1056,62HQ5
1057,NXGS
149,62HRS
150,NYJ6
148,7GV
152,7H5
153,62HXK
154,5X65N
155,3FMB
156,68W29
157,697PB
158,68VPF
159,3FS7
160,5WVCR
2011,7NV
377,7PP
165,3HTL
166,RG23
169,3HXZ
171,RHRN
722,RHS3
170,RHS8
723,5XDHD
510,VW
2004,3J3X
173,62KM4
174,RNSP
175,RNSR
176,5XCVW
2001,3J7F
88,7SM
179,62KMN
180,RRZ6
183,62KF2
184,69H3P
186,3JX3
187,RZZT
188,3JXB
189,69GTZ
192,S24D
190,S24H
191,5MXZ7
311,W8
195,3K3G
198,5MY4C
196,S4RG
197,S4SV
199,3KZ2
200,SSK9
201,3KZG
204,SSSJ
202,SSSQ
203,5MZ2G
205,3LZ8
206,TJJ9
207,TJJD
210,TJJH
211,TJJK
212,TJJP
214,5SSS
215,43CGC
218,3Q9V
219,VM58
521,8CK
1058,8GM
1061,3SRG
2005,5ZPHM
2006,5GKJ3
1062,5ZRBL
728,62MK7
729,YB6S
1085,6B2HB
221,8KL
220,ZT
222,62MBV
223,YGJT
224,YGMF
225,62NTW
226,YQ55
227,YQ6W
279,62NTZ
280,6B6VZ
229,62NHK
230,YXRZ
231,3WN6
232,ZY5W
123,8SY
233,3XFC
234,32FVX
239,5NDL4
235,32FWG
236,5NDLK
240,6BRGS
241,32FXZ
237,32FY9
238,5NDMK
243,63259
244,33JMD
242,8WM
246,3Z9D
247,33T93
253,3Z9F
254,33T9W
1052,3ZR7
1053,343WR
1033,42PH
1034,34H4K
1050,43TF
1051,6CNPB
1086,44Q7
1087,35PD3
257,44SG
258,35QMN
261,45ZZ
262,6D8DM
376,35C
653,9CP
264,48BX
265,6DKK8
260,9JQ
731,6332D
732,38YDK
270,4CSV
269,9S8
268,36Z
116,623P8
115,625QY
273,4F2P
274,3BPQQ
275,6GSMS
276,3BPZ6
277,3BQ6Z
278,3BQ7Y
281,6H4NQ
282,3BQJJ
1097,4F8D
1098,6GTV8
308,9Y7
42,623QT
41,383
172,623R7
91,384
283,4J87
284,6HNYV
285,3DSHT
286,3DSJN
287,3DSK5
1035,4J8B
1036,3DSL4
1026,4JYX
1027,6HXV3
288,4K9L
289,6J6YS
607,4KZF
608,6JLHK
291,4L2N
292,6JN3T
293,6JMRD
294,6JMBM
295,6JMHJ
296,6JMHT
297,6JM32
1075,4M7G
1076,3F9Y9
737,4NL8
738,3G3B3
736,623HJ
735,39Q
734,BT
298,4NVR
299,6KH48
300,4PHG
301,3GJJK
267,BZ
305,3H2VN
725,4RG7
726,3HKMT
248,4SVB
249,6KZVH
250,6KZVB
306,6KZVC
370,624Z2
739,635R7
740,3JH4V
2007,4T83
2008,3JJRM
309,4WWS
310,6LTD3
313,62WJ5
314,6N77K
315,3PF9M
316,6MV99
317,3PFFX
318,3PFRR
1054,55DT
1055,3Q7H8
168,BJB
319,56VV
320,3QRSG
321,6NFM9
322,6NFN8
323,56YL
324,6NGH4
327,6NGGD
328,6NGFW
330,6NGHR
331,5J6LL
329,6NGHP
620,6NGHZ
621,5PKXC
332,6NFZD
1017,6NFYT
333,6NFYV
334,6NFYP
811,6NFYQ
335,6NFYL
753,6NFYK
754,5PKYG
336,6NFZX
337,6NFZW
342,6NFZQ
338,6NFZN
617,5PKYQ
325,6NGBR
326,5J6M3
618,6NGBG
339,6NGBF
340,6NGBB
341,6NHWF
619,6NHVZ
343,6NHW6
1099,5864
2000,3R6XS
348,59QH
349,3RL8J
255,62VP6
256,6NT8V
216,3F4
1041,62XM8
1042,6NWM4
1088,3S7H4
350,639D7
353,6NYWF
351,6NZ8C
1001,5PNDP
354,6NZ8D
355,5PNDX
356,6NYVX
357,6NYW8
358,6NYY5
741,6NYY7
359,6NZ9P
425,BTB
424,3F8
130,624WH
360,5BR4
361,3SW5J
362,5CLL
363,3TDSS
1093,5CMX
1094,3TFD5
801,5DQJ
802,724CH
364,62WRV
365,6PWDZ
366,6PWDV
367,62X65
368,6PYTF
371,5FBY
372,6QJRL
374,5FCK
375,3VCGS
378,5GFJ
379,3VZJR
380,5K5W
742,3XH5C
385,3XH7J
381,3XHB5
386,3XHF6
382,3XHLF
373,CC9
105,3HL
40,MG
307,MLP
1044,CDB
61,CDB
60,3HP
383,5KWC
384,6R6H5
251,5KXJ
252,3XVQM
185,CKB
1070,5T9G
1071,43HYQ
1063,63BT8
1064,43QM6
213,CXM
392,5V62
393,44CWQ
387,5VCQ
388,44FPX
389,73R6J
394,5WHT
395,458DN
391,D3J
604,627BN
605,5WR8
606,73SY5
272,D48
271,3LY
1077,63F3M
1078,47BYZ
396,626G3
397,654M
398,47SYX
399,47SYY
400,47SZ5
401,6SB9B
402,47SZJ
403,47SZR
404,74B9B
405,47SZY
406,47T24
407,47T26
408,47T2C
409,47T2H
511,DG4
411,665H
743,487MG
412,487MQ
410,DGG
290,DK4
413,63H3Q
414,6TCXD
1013,75D9H
415,63HRW
416,75FSZ
417,63LR7
418,4D8TK
419,6HWN
420,4DN4H
422,6JPP
423,6TVD7
1047,6L84
1048,76SMX
426,63KZV
427,4F98R
428,625KL
429,63MMR
432,4H5YP
430,4H5YZ
431,7MF94
433,6Q7C
434,4HPZF
435,4HPZT
438,4HQ23
439,6VJ27
440,4HQ2J
441,4HQ2V
442,4HQ2X
443,4HQ39
436,6VJ29
437,7MF6S
444,4HQ3K
445,4HQ46
446,4HQ47
447,4HQ48
448,4HQ4J
449,4HQ4L
450,4HQ4Q
451,6VJ2C
744,7KMH9
452,4HQ52
453,6QF5
454,4HTLM
5,625M7
4,623FD
3,GG
455,6QPY
456,4J224
457,4J22N
1008,4J22P
1018,5QR6F
458,4J22Q
1019,4J22X
459,4J234
460,4J237
461,77KTL
462,4J23W
463,4J245
745,4J246
479,4J24K
480,5KG8Z
464,4J24Y
465,4J254
466,4J25L
467,4J25P
1020,4J266
468,4J267
469,4J269
470,77KTN
1021,4J26G
471,4J273
472,6VL5M
473,4J27Y
474,4J285
475,4J287
1022,77L5M
476,77KTP
477,4J29G
478,4J29P
481,4J29V
482,6VL5T
483,5QRBQ
484,77L64
1023,4J2B2
485,4J2BY
488,4J2C7
489,4J2CG
507,4J2KB
490,4J2CJ
492,4J2D5
493,7KLV8
491,4J2DP
494,4J2DX
495,77L6F
486,77KSH
487,5KGB8
496,77KSK
497,4J2F3
2009,4J2FG
498,4J2FH
499,4J2FK
500,4J2FN
501,4J2FP
1009,4J2G9
502,4J2GF
1000,4J2HD
503,4J2HX
810,4J2HY
504,4J2J5
746,4J2J7
1024,4J2JP
505,4J2JV
506,4J2JZ
508,4J2KR
509,4J2KS
512,6QWP
513,6VMGL
514,6QX7
515,4J9TB
516,77MJ8
1,P
517,6262P
518,6RKR
519,4JN3N
520,6VNXT
522,6RML
523,6VPND
678,6RQZ
679,4JPPV
245,627HD
526,6TC9
527,4KQ24
528,6VQWN
529,77QWN
530,4KQ5F
748,4KQ5H
531,4KQ5T
532,4KQ7J
751,63P67
752,4LLVQ
1095,63P5N
1096,4LLZJ
535,63PVP
536,4LVJ5
537,77VW4
538,4LVJS
544,5KLW2
539,4LVKV
540,6W7W3
541,4LVLR
1069,4LVM8
542,4LVNQ
543,4LVR2
345,6V9R
346,6W7FG
347,5KMHN
545,6X78
1043,4MW5Q
546,4MW6R
547,789K8
548,7MHHZ
549,6Y68
550,4N89W
747,4N89Z
551,6VYM8
552,6Y6H
553,77ZQW
554,77ZRD
1012,4N97Q
555,73Y7
556,78HCK
557,78HCJ
558,6WHCL
559,742N
560,6WJ73
561,74N7
562,4PVGN
1049,4PVHJ
563,75K9
564,4QKRX
565,76HN
566,4R47F
567,4R47Z
1004,6X3QQ
568,793QP
571,4R4FG
574,4R4HG
803,4R4KH
1003,4R4LC
573,4R4M7
575,6X435
577,4R4NR
578,793R5
579,4R4TP
580,4R4V3
581,4R4VG
582,4R4WQ
576,4R4YG
1002,4R4Z8
583,6WRQZ
584,4R53K
585,4R54H
1005,4R56Y
569,78RPF
570,5KTR7
586,4R597
589,5KTRB
572,78RPJ
587,4R5DZ
588,4R5F6
1014,4R5FS
590,4R5GR
591,4R5J6
592,4R5KF
593,5KTSB
1010,4R5KM
594,4R5L5
595,6X426
596,4R5SK
597,793Q8
598,4R5YN
599,4R5Z8
600,4R64C
601,4R667
602,4R678
1028,7944S
717,3XS
182,FN6
609,78CD
610,4RZYQ
611,4RZZQ
612,63QFF
613,4SN87
1090,63SB8
1091,4T49K
614,63S3X
615,4T7YK
616,4T7YV
65,FTK
64,3Z6
162,6278P
534,FWG
622,7BWB
624,6XCK4
623,6XCJ5
626,79CBB
627,6XCBJ
628,6XCBP
629,6XCD9
630,79C5X
631,6XC73
632,79C5K
633,6XC94
634,79BVQ
635,6XC7R
636,6XC9W
625,6XDC4
637,79DSK
638,79DST
639,6XDMG
641,FXV
640,3ZX
642,7C8S
643,6XJ9M
49,FY3
1092,FY3
48,3ZY
344,FY4
755,643PF
756,79QLB
644,7CV2
645,79QZ2
646,G3X
647,7DZN
648,4VGZH
421,7JJ
177,3F4
1067,63SM7
1068,4WP3C
649,63SMF
650,4WSQG
651,7FQF
652,4WSQK
654,7GFX
655,4X52Q
84,6279Z
1073,6466Y
1074,4Z8N4
1045,7N5T
1082,52D9H
1046,52DLK
656,7QKG
657,53JDN
658,7QL2
659,53K5Y
660,53K5Z
2013,7RQF
662,GWM
1065,7S9Q
1066,54M92
663,7S9V
757,54M9Z
664,7BJ8N
669,GXW
665,7T6Q
666,5526G
667,7N2BM
668,5526P
670,63TKC
671,55284
672,7T9P
673,553LY
1059,647GM
1072,55G35
1060,55G93
674,64736
675,55LNG
303,H5S
676,648D5
677,56NTP
680,56NTV
681,56NTZ
682,63WD4
683,7C9LX
685,7WX3
686,56WNF
687,56WPP
688,7CC2T
684,CDB
689,7XWB
690,57GND
2012,7YPK
1083,7Z63
1084,588Q2
691,6486F
692,59HM6
693,59HM7
694,59HM8
695,7D9VC
696,59HMC
697,59HMG
698,59HMR
699,59HMW
808,HMT
194,HNB
700,84MS
701,7DFJZ
702,7DFMR
703,7DFP7
704,7DFPH
1080,85LM
2003,7F98J
45,7F8VF
1081,7F8XX
2002,7F8YD
46,7F995
47,5LQ69
217,HST
758,86MY
759,5BC9Y
1089,6272Z
705,647Q2
706,5BRJV
707,87X6
708,5BYG9
263,6274R
208,649GY
209,5C5GD
1029,648P5
1039,5D5ZY
1030,5D648
709,J39
710,8BDZ
2014,4J2DL
2015,4J2J9
2016,4J2CF
2017,8KC2
2018,T8
2019,649
2020,PXQ
2021,65DRF
2022,6NGHS
2023,4J24S
2024,4J2G5
71,JP8
